TransactionID,CustomerSegment,ProductCategory,PurchaseAmount ($),Quantity,PurchaseDate
1,Regular,Beauty,525.95,4,2024-08-12 09:30:40.645845335
2,Regular,Electronics,285.85,9,2024-04-27 07:52:23.945870858
3,Regular,Beauty,301.59,7,2022-03-30 00:05:12.796452239
4,Wholesale,Books,281.46,2,2024-10-21 03:13:50.497259964
5,Premium,Beauty,772.65,4,2023-05-28 11:06:15.808708464
6,Wholesale,Clothing,653.64,5,2024-04-14 15:21:51.883469830
7,Regular,Beauty,833.26,3,2023-08-28 19:05:58.302580450
8,Premium,Home & Kitchen,975.6,9,2024-12-13 08:50:25.589839887
9,Wholesale,Books,476.79,5,2024-10-29 19:09:42.787188733
10,Regular,Clothing,71.36,2,2024-12-02 18:08:30.236609314
11,Regular,Beauty,52.85,3,2023-03-01 22:15:26.931363860
12,Wholesale,Books,299.19,9,2024-09-04 22:30:32.169299882
13,Wholesale,Books,932.88,7,2023-05-17 09:48:54.286433263
14,Wholesale,Clothing,525.6,2,2022-03-30 10:59:34.836290847
15,Regular,Beauty,275.43,9,2022-10-01 04:29:50.048976005
16,Wholesale,Books,402.17,4,2024-09-17 13:50:10.197615898
17,Regular,Books,600.6,9,2022-12-31 14:09:03.124012696
18,Wholesale,Electronics,654.68,2,2023-09-04 07:13:40.053812872
19,Regular,Books,158.15,4,2024-11-05 20:46:44.331833299
20,Regular,Electronics,977.15,5,2023-06-03 07:04:17.401737318
21,Premium,Beauty,547.05,2,2023-08-20 20:09:21.008008758
22,Wholesale,Beauty,140.01,1,2022-09-22 02:59:27.894553700
23,Wholesale,Beauty,894.17,7,2023-01-31 21:14:17.764227884
24,Regular,Home & Kitchen,79.27,1,2022-07-29 06:21:20.095904888
25,Regular,Beauty,908.2,8,2023-09-08 17:17:59.611939321
26,Regular,Books,996.58,3,2022-07-26 09:39:35.890248446
27,Premium,Clothing,701.93,6,2024-04-19 20:01:31.896536606
28,Premium,Electronics,771.59,7,2022-12-16 12:47:18.489081567
29,Regular,Home & Kitchen,340.62,1,2022-06-29 21:41:29.514298787
30,Wholesale,Beauty,941.87,6,2024-03-25 04:27:30.669227449
31,Wholesale,Beauty,532.07,7,2022-05-23 13:17:36.771150871
32,Premium,Clothing,733.73,6,2022-09-26 20:56:26.131840186
33,Premium,Clothing,924.49,4,2022-10-29 06:14:32.057151091
34,Regular,Home & Kitchen,975.3,1,2024-05-29 02:16:30.433979428
35,Wholesale,Electronics,834.04,9,2023-07-21 04:07:32.792998114
36,Regular,Beauty,306.5,4,2024-10-11 05:07:28.945223495
37,Premium,Home & Kitchen,966.71,7,2022-02-09 09:24:01.727567957
38,Wholesale,Books,629.98,7,2024-06-30 21:13:49.010979675
39,Wholesale,Books,930.99,2,2024-04-16 14:06:57.451799786
40,Premium,Home & Kitchen,677.72,1,2023-02-13 13:19:09.624628189
41,Regular,Beauty,310.7,8,2023-11-13 12:33:35.575693714
42,Regular,Home & Kitchen,373.17,8,2023-08-27 12:42:18.473713166
43,Wholesale,Beauty,552.72,7,2024-01-02 04:42:01.066554282
44,Premium,Clothing,791.06,8,2022-07-27 08:37:52.821766820
45,Wholesale,Home & Kitchen,321.39,3,2022-05-08 22:49:36.074468970
46,Premium,Beauty,581.83,2,2023-05-29 06:20:59.687514195
47,Regular,Home & Kitchen,348.9,7,2022-06-14 07:54:16.520706291
48,Premium,Home & Kitchen,816.69,8,2024-06-26 02:47:33.984051413
49,Regular,Beauty,469.39,1,2024-01-19 10:06:29.275618469
50,Premium,Beauty,81.34,9,2024-09-06 23:29:50.057848890
51,Wholesale,Electronics,170.22,4,2024-11-23 00:53:39.366980466
52,Regular,Home & Kitchen,65.8,4,2023-05-05 03:43:13.507530433
53,Wholesale,Books,501.81,3,2022-07-19 04:55:26.031307914
54,Wholesale,Home & Kitchen,110.81,6,2023-02-12 19:08:53.102308625
55,Regular,Home & Kitchen,118.57,1,2024-05-15 21:17:32.758645757
56,Regular,Beauty,941.34,6,2024-08-07 16:19:25.305794445
57,Wholesale,Home & Kitchen,873.29,2,2023-10-03 11:18:45.447444169
58,Wholesale,Home & Kitchen,454.83,9,2022-01-20 13:05:25.278630792
59,Wholesale,Books,985.88,2,2022-07-06 16:28:27.481575818
60,Wholesale,Beauty,5.19,7,2022-12-18 12:32:09.115200363
61,Regular,Home & Kitchen,615.91,1,2022-09-04 13:08:31.387995970
62,Regular,Clothing,618.35,7,2024-01-07 03:32:05.827380134
63,Wholesale,Electronics,460.16,5,2022-03-28 23:56:34.370436023
64,Premium,Books,399.96,8,2022-09-18 15:21:01.728571160
65,Premium,Home & Kitchen,458.11,4,2022-09-06 19:35:40.448071561
66,Regular,Clothing,417.89,7,2024-09-04 21:53:25.945410574
67,Wholesale,Home & Kitchen,731.84,6,2023-11-24 13:12:07.585649199
68,Wholesale,Home & Kitchen,139.68,5,2022-01-31 04:33:28.772785300
69,Regular,Beauty,201.65,4,2024-07-07 04:37:52.841063903
70,Premium,Beauty,184.62,7,2024-12-29 01:17:37.845494852
71,Premium,Beauty,266.16,5,2024-09-22 17:35:00.465125339
72,Premium,Clothing,527.63,5,2024-09-03 23:28:59.821483975
73,Regular,Home & Kitchen,115.65,1,2022-09-05 05:05:48.120178296
74,Premium,Electronics,868.83,2,2023-04-14 12:46:51.659277730
75,Regular,Books,300.87,5,2022-09-22 11:58:01.958191764
76,Regular,Beauty,166.73,3,2022-11-29 07:02:23.981565585
77,Wholesale,Beauty,677.24,2,2022-06-29 14:22:28.673014512
78,Premium,Home & Kitchen,42.9,4,2022-04-18 05:31:06.049485918
79,Regular,Home & Kitchen,621.87,4,2024-05-30 22:39:23.092256261
80,Premium,Clothing,699.71,4,2024-02-02 05:41:03.328299725
81,Premium,Clothing,218.84,4,2023-05-23 16:05:32.891981633
82,Wholesale,Beauty,46.75,3,2022-10-19 20:04:28.041048717
83,Premium,Home & Kitchen,366.83,7,2022-03-14 09:40:11.662472535
84,Wholesale,Electronics,103.1,9,2023-08-24 19:47:45.060101402
85,Regular,Books,120.9,5,2024-12-04 07:10:50.906618711
86,Premium,Home & Kitchen,257.99,4,2023-03-29 10:33:37.076776823
87,Regular,Home & Kitchen,298.99,2,2023-04-11 18:42:04.727224165
88,Premium,Clothing,532.32,2,2022-11-16 07:56:31.304023719
89,Regular,Books,680.0,5,2024-08-03 06:13:15.014417621
90,Premium,Beauty,594.81,7,2022-09-25 23:18:15.178053905
91,Premium,Home & Kitchen,152.62,9,2023-04-17 19:19:22.432007143
92,Premium,Beauty,176.23,7,2022-02-03 02:32:38.030269126
93,Premium,Home & Kitchen,879.38,5,2024-05-22 23:40:46.238631892
94,Premium,Beauty,560.56,6,2023-01-24 01:25:24.021965545
95,Premium,Books,870.59,3,2024-08-14 19:29:40.326107251
96,Premium,Clothing,374.69,5,2023-06-28 04:02:34.413724713
97,Premium,Books,616.33,8,2022-06-09 00:15:15.830614394
98,Premium,Electronics,526.05,1,2022-09-30 05:10:52.721585357
99,Regular,Clothing,322.53,1,2024-03-27 04:57:58.307327707
100,Wholesale,Books,472.57,7,2024-07-17 14:12:45.679681159
101,Premium,Electronics,504.98,5,2024-07-13 00:39:54.081544309
102,Wholesale,Home & Kitchen,204.77,5,2023-06-25 18:26:43.343523715
103,Premium,Home & Kitchen,318.44,1,2024-11-28 06:21:00.893616455
104,Premium,Beauty,792.45,9,2023-09-27 17:38:55.085100324
105,Regular,Clothing,916.21,1,2022-12-04 00:23:54.847497222
106,Regular,Home & Kitchen,363.0,5,2024-05-26 01:52:02.390789031
107,Wholesale,Clothing,310.44,9,2023-09-08 06:33:02.497953702
108,Regular,Home & Kitchen,199.22,4,2024-06-24 19:07:59.930879486
109,Regular,Beauty,680.1,8,2023-11-16 14:55:08.265564212
110,Wholesale,Books,326.48,6,2024-06-12 09:22:34.485821925
111,Regular,Beauty,987.81,3,2022-11-29 21:19:48.102469097
112,Premium,Electronics,329.06,4,2022-04-04 17:07:11.515371237
113,Wholesale,Home & Kitchen,397.17,2,2024-12-23 02:59:06.051331268
114,Wholesale,Electronics,605.32,1,2023-07-15 03:00:59.915962734
115,Premium,Electronics,802.68,8,2024-03-01 16:19:21.847779577
116,Regular,Clothing,472.17,1,2024-02-06 01:20:29.963868539
117,Wholesale,Home & Kitchen,425.54,1,2023-05-04 06:12:37.130027879
118,Wholesale,Electronics,995.66,4,2023-12-16 19:44:56.273331094
119,Premium,Books,15.44,6,2022-08-23 16:22:43.028747553
120,Premium,Electronics,895.59,9,2024-12-17 01:51:06.394702226
121,Regular,Books,153.4,1,2023-08-05 18:19:36.732666028
122,Wholesale,Clothing,787.0,7,2022-04-27 11:28:51.190104856
123,Regular,Electronics,619.84,5,2022-10-18 15:37:20.380687949
124,Regular,Beauty,345.14,8,2022-02-12 07:57:17.627087640
125,Premium,Clothing,874.51,7,2023-09-06 06:03:16.726688806
126,Wholesale,Books,17.84,4,2023-03-25 20:54:42.174419278
127,Wholesale,Clothing,230.56,4,2022-11-25 16:47:06.543906330
128,Wholesale,Electronics,569.06,6,2023-06-09 09:15:19.012291657
129,Premium,Home & Kitchen,354.78,6,2023-02-09 00:41:52.871575875
130,Premium,Home & Kitchen,612.33,9,2023-10-03 22:09:03.651634322
131,Premium,Books,28.99,5,2023-05-27 08:41:11.090053403
132,Premium,Books,120.88,8,2022-03-17 12:57:07.968300749
133,Premium,Home & Kitchen,131.46,5,2024-08-24 04:35:12.302101231
134,Wholesale,Books,193.34,2,2023-12-05 08:24:58.597550418
135,Regular,Clothing,462.03,6,2022-03-19 11:05:36.686724964
136,Wholesale,Beauty,753.37,9,2022-07-07 03:48:42.023082699
137,Regular,Beauty,906.01,3,2024-11-03 09:35:19.726886661
138,Premium,Clothing,836.2,1,2024-02-14 07:42:21.234551546
139,Regular,Beauty,200.9,1,2023-10-30 10:21:32.581500252
140,Wholesale,Electronics,443.94,3,2023-06-26 14:56:20.539438793
141,Wholesale,Clothing,203.41,5,2024-11-18 07:26:26.998534379
142,Regular,Books,268.15,3,2024-07-05 01:33:50.026826439
143,Premium,Clothing,506.03,9,2022-02-03 04:24:16.064482783
144,Premium,Home & Kitchen,72.77,8,2024-07-23 02:00:15.171918080
145,Wholesale,Books,222.08,3,2023-07-25 00:38:51.502729715
146,Regular,Home & Kitchen,935.7,9,2024-07-25 12:48:18.570732029
147,Premium,Books,468.79,6,2022-04-25 08:44:13.741003536
148,Premium,Beauty,448.16,7,2023-06-03 13:05:39.467705095
149,Wholesale,Clothing,19.49,4,2023-04-07 07:18:31.294380118
150,Premium,Electronics,251.16,4,2022-07-14 10:18:18.130786033
151,Regular,Books,866.96,2,2022-12-24 07:44:43.210401455
152,Wholesale,Books,168.81,5,2022-07-10 09:21:41.684808354
153,Wholesale,Home & Kitchen,418.05,8,2024-08-12 18:29:26.246679853
154,Regular,Beauty,19.26,7,2022-09-12 04:06:22.590853467
155,Wholesale,Home & Kitchen,480.94,7,2022-02-02 16:03:35.410722337
156,Premium,Home & Kitchen,25.92,6,2023-06-20 16:45:52.574790734
157,Premium,Beauty,820.51,3,2024-05-27 21:58:42.115807102
158,Regular,Electronics,825.73,5,2023-05-26 23:32:42.926255264
159,Premium,Home & Kitchen,788.8,1,2022-06-24 11:30:53.819238253
160,Regular,Home & Kitchen,286.95,7,2024-03-25 09:35:37.036917468
161,Regular,Books,838.05,9,2024-05-22 05:29:22.797184800
162,Premium,Beauty,545.28,1,2024-03-06 10:29:38.288237680
163,Regular,Clothing,376.94,2,2024-10-18 12:37:25.179561164
164,Premium,Electronics,627.2,3,2022-07-15 10:56:03.476082802
165,Wholesale,Electronics,17.28,3,2022-12-29 04:23:37.868736140
166,Wholesale,Beauty,147.25,8,2022-01-11 10:12:22.372251886
167,Regular,Books,743.58,7,2023-12-17 00:04:15.979939207
168,Premium,Books,247.94,6,2023-06-07 23:46:06.010479498
169,Premium,Beauty,600.02,4,2022-07-10 18:17:24.319496244
170,Wholesale,Books,388.18,9,2022-07-20 01:27:35.201976013
171,Wholesale,Electronics,855.53,1,2023-07-02 06:14:46.911632183
172,Premium,Electronics,952.65,2,2024-06-10 04:22:23.943137664
173,Regular,Clothing,884.15,4,2023-06-04 19:51:30.469269621
174,Wholesale,Beauty,274.27,3,2024-12-09 21:30:15.142556427
175,Regular,Home & Kitchen,198.19,1,2024-09-11 19:37:15.642518707
176,Regular,Home & Kitchen,477.06,5,2023-06-26 01:43:37.212127077
177,Wholesale,Clothing,12.3,7,2024-06-16 16:35:58.706395990
178,Regular,Clothing,30.68,2,2024-02-18 10:46:07.334096691
179,Regular,Books,555.52,5,2023-08-15 23:00:25.908948614
180,Premium,Clothing,522.85,6,2022-02-18 20:50:16.623654364
181,Regular,Clothing,994.61,7,2024-01-06 02:03:30.980109751
182,Premium,Home & Kitchen,205.83,1,2023-06-20 14:10:09.591381561
183,Wholesale,Books,261.81,7,2023-07-05 23:55:51.991712774
184,Wholesale,Clothing,117.97,4,2022-11-15 03:46:26.933637576
185,Premium,Clothing,917.96,8,2024-12-20 13:22:59.347796321
186,Wholesale,Books,778.92,4,2023-01-06 09:27:48.508366198
187,Regular,Beauty,823.23,6,2023-05-28 06:06:35.520926040
188,Regular,Books,903.25,9,2024-10-19 06:33:41.490630059
189,Regular,Home & Kitchen,527.28,5,2022-08-14 02:26:05.670877598
190,Wholesale,Beauty,453.94,4,2023-05-15 17:20:18.839937649
191,Regular,Electronics,333.74,8,2024-05-08 05:51:23.092379579
192,Wholesale,Books,591.27,9,2022-02-14 09:34:12.202996455
193,Regular,Home & Kitchen,457.01,4,2024-03-05 02:45:10.106277408
194,Premium,Beauty,454.31,3,2023-03-20 15:16:00.394188457
195,Wholesale,Books,937.24,8,2023-06-03 21:25:46.931999766
196,Wholesale,Clothing,984.11,5,2022-03-17 19:28:40.268399606
197,Regular,Books,797.5,2,2024-07-29 04:13:20.278398322
198,Wholesale,Electronics,757.97,9,2024-08-12 03:16:48.542292014
199,Wholesale,Books,682.16,3,2024-01-19 02:18:21.891786207
200,Premium,Beauty,170.24,2,2023-07-02 11:51:16.977905725
201,Premium,Beauty,63.81,1,2022-04-06 18:06:30.486779558
202,Regular,Books,692.27,8,2023-06-08 15:24:01.868268117
203,Premium,Beauty,730.14,3,2023-04-16 17:19:35.257014663
204,Regular,Clothing,51.74,7,2022-02-04 08:07:51.640749344
205,Regular,Books,928.41,1,2024-08-08 20:48:08.468524269
206,Regular,Clothing,95.68,1,2022-10-28 01:28:33.562330247
207,Wholesale,Clothing,289.47,9,2023-10-25 12:38:43.044730363
208,Premium,Home & Kitchen,674.03,8,2024-08-23 08:58:55.964788287
209,Regular,Books,174.02,3,2022-03-24 10:28:04.210166897
210,Premium,Beauty,60.14,6,2024-12-19 11:37:21.300260047
211,Regular,Clothing,334.49,3,2022-07-22 13:39:47.537559431
212,Premium,Home & Kitchen,767.14,4,2023-03-22 17:13:25.697799717
213,Premium,Books,416.61,1,2024-07-01 23:02:18.556025692
214,Regular,Books,654.71,5,2023-11-13 02:48:31.231515235
215,Wholesale,Electronics,581.72,1,2022-07-13 12:19:16.958597022
216,Premium,Electronics,27.11,1,2022-05-23 17:20:08.470515131
217,Wholesale,Clothing,988.6,7,2024-12-05 13:06:17.692959222
218,Wholesale,Electronics,46.22,6,2024-03-31 19:03:31.541706662
219,Regular,Clothing,967.96,2,2023-09-16 06:08:31.624809135
220,Regular,Beauty,552.11,2,2023-08-09 00:00:50.345981535
221,Regular,Clothing,963.34,7,2022-10-17 00:29:49.693422694
222,Premium,Electronics,119.18,1,2024-05-30 00:52:33.790387150
223,Regular,Beauty,492.96,2,2024-12-28 04:37:24.877095429
224,Regular,Electronics,173.66,8,2024-05-03 01:39:45.958912235
225,Premium,Clothing,55.72,6,2024-07-15 14:44:30.887407731
226,Premium,Home & Kitchen,619.44,2,2024-01-29 00:13:27.826145505
227,Regular,Books,211.74,7,2024-08-10 14:47:08.476375031
228,Regular,Electronics,589.76,4,2022-05-20 08:06:57.941409732
229,Regular,Clothing,116.8,2,2023-04-26 22:40:42.748284559
230,Regular,Beauty,335.33,6,2022-09-19 07:20:55.442706264
231,Wholesale,Electronics,782.72,9,2023-07-23 09:23:17.481853821
232,Wholesale,Electronics,439.87,9,2024-11-05 03:10:04.994988787
233,Regular,Books,629.61,8,2023-07-31 06:44:12.780206494
234,Wholesale,Clothing,649.22,3,2024-03-17 19:35:43.794667913
235,Premium,Home & Kitchen,844.54,3,2022-09-17 10:23:57.539582533
236,Wholesale,Beauty,328.3,2,2022-08-31 21:28:01.546176732
237,Wholesale,Clothing,688.86,5,2023-11-23 00:21:17.726877461
238,Regular,Beauty,961.81,4,2024-05-23 01:28:42.030582547
239,Wholesale,Electronics,731.59,7,2022-09-22 00:27:13.585309005
240,Wholesale,Books,492.42,4,2022-11-22 23:40:53.684356388
241,Wholesale,Books,632.56,9,2022-01-29 00:44:49.106256033
242,Wholesale,Home & Kitchen,740.98,2,2022-01-14 19:28:10.616801141
243,Premium,Books,614.21,6,2022-08-24 03:53:25.456348794
244,Regular,Electronics,21.59,7,2024-10-24 14:06:35.146741675
245,Regular,Home & Kitchen,198.8,4,2024-09-22 07:25:54.730165113
246,Premium,Clothing,811.42,6,2022-05-20 23:45:09.082991605
247,Wholesale,Books,276.29,7,2022-03-28 02:31:31.526646583
248,Premium,Home & Kitchen,732.9,4,2024-03-09 23:01:54.808999029
249,Wholesale,Electronics,375.26,8,2023-03-08 05:57:42.142966995
250,Premium,Beauty,524.27,9,2024-01-26 11:26:43.489873008
251,Regular,Beauty,72.63,1,2024-01-13 13:34:35.784315706
252,Regular,Electronics,185.32,7,2023-06-02 03:30:44.519032674
253,Regular,Electronics,957.41,9,2022-05-24 13:00:18.079123500
254,Wholesale,Beauty,890.69,5,2022-02-20 17:19:13.823297341
255,Wholesale,Home & Kitchen,654.01,2,2024-07-16 18:42:28.396722352
256,Premium,Beauty,462.35,6,2022-06-05 01:30:27.749848766
257,Premium,Electronics,677.38,7,2022-12-29 22:31:32.179072671
258,Regular,Books,620.52,2,2024-02-05 04:08:45.982605578
259,Wholesale,Clothing,570.71,2,2022-02-11 12:07:13.753805288
260,Premium,Books,63.88,1,2023-10-07 21:04:26.766262958
261,Wholesale,Books,634.64,4,2023-08-18 07:27:17.500097507
262,Wholesale,Electronics,770.08,7,2022-11-18 17:26:25.630043792
263,Regular,Beauty,994.11,9,2024-10-09 01:20:41.830791371
264,Regular,Home & Kitchen,16.02,3,2023-02-04 20:32:49.002648103
265,Wholesale,Books,731.52,7,2023-04-23 01:40:48.257386798
266,Wholesale,Beauty,573.93,7,2022-06-20 01:32:09.094974122
267,Wholesale,Home & Kitchen,436.88,7,2023-06-18 03:00:04.534158847
268,Wholesale,Books,131.93,2,2024-03-13 11:22:41.328054128
269,Regular,Home & Kitchen,412.04,6,2023-04-22 04:03:43.859549932
270,Premium,Beauty,357.61,2,2023-03-14 22:16:25.577730886
271,Regular,Clothing,306.32,6,2024-09-01 22:39:14.490084150
272,Premium,Beauty,732.23,3,2024-12-21 10:40:46.764878612
273,Wholesale,Electronics,702.22,2,2024-09-19 15:23:26.540681526
274,Premium,Home & Kitchen,591.07,6,2023-05-28 17:23:47.186046854
275,Regular,Clothing,938.97,2,2023-10-09 19:25:21.411137769
276,Regular,Home & Kitchen,353.11,5,2023-02-18 20:31:24.431565766
277,Wholesale,Home & Kitchen,247.58,2,2023-04-06 11:19:31.843591496
278,Regular,Books,657.62,3,2023-09-20 08:30:41.989914051
279,Wholesale,Electronics,202.82,3,2022-08-18 19:11:12.936512140
280,Regular,Home & Kitchen,318.44,6,2023-09-23 11:08:21.050946130
281,Regular,Beauty,228.48,6,2024-01-15 17:08:45.638183140
282,Wholesale,Beauty,73.81,3,2022-12-08 07:27:24.913638752
283,Premium,Books,828.36,3,2023-01-11 22:34:30.127400225
284,Regular,Electronics,258.27,1,2023-04-17 05:37:46.858753866
285,Premium,Electronics,475.66,7,2022-05-23 07:23:41.297425372
286,Regular,Beauty,48.1,8,2022-12-04 07:55:59.222234654
287,Regular,Clothing,700.84,2,2022-05-09 04:02:16.553555302
288,Regular,Books,333.91,4,2024-06-15 10:24:20.520095032
289,Regular,Books,746.01,7,2022-07-03 18:02:48.246968348
290,Premium,Beauty,415.34,8,2024-01-13 09:49:02.392124412
291,Premium,Beauty,199.78,1,2024-06-07 03:20:46.818761508
292,Regular,Clothing,515.61,4,2022-10-22 13:45:33.246330491
293,Regular,Clothing,134.85,6,2023-11-13 21:00:19.650685642
294,Premium,Electronics,443.34,3,2024-07-10 21:47:25.669560261
295,Wholesale,Books,320.72,5,2022-10-02 11:58:44.455939609
296,Wholesale,Books,912.4,9,2024-12-24 19:12:00.471052280
297,Premium,Beauty,65.62,3,2022-03-18 14:08:22.790508498
298,Regular,Electronics,695.55,5,2022-08-02 11:20:06.781764933
299,Regular,Books,186.84,8,2022-03-01 15:19:54.924781368
300,Wholesale,Electronics,322.45,6,2023-09-27 22:43:46.227460893
301,Wholesale,Electronics,418.44,4,2023-07-18 07:38:56.812933064
302,Premium,Beauty,908.48,8,2022-02-08 03:13:12.662699744
303,Wholesale,Electronics,246.37,3,2024-08-07 21:54:49.995706560
304,Premium,Clothing,95.85,3,2023-08-18 06:38:04.653874949
305,Wholesale,Clothing,322.1,4,2024-03-24 18:24:06.757956617
306,Wholesale,Home & Kitchen,109.15,9,2024-09-01 21:43:00.845080714
307,Wholesale,Beauty,132.95,5,2022-05-26 20:10:23.408774850
308,Regular,Home & Kitchen,575.98,8,2023-11-13 19:43:52.240742376
309,Regular,Clothing,65.6,6,2023-03-20 09:41:05.828242206
310,Regular,Home & Kitchen,35.78,3,2024-11-19 02:49:41.598383011
311,Wholesale,Beauty,715.84,8,2023-03-14 17:11:25.475527577
312,Premium,Beauty,364.84,9,2023-11-17 19:10:49.303819772
313,Premium,Electronics,129.75,8,2024-05-30 18:54:13.349097985
314,Premium,Books,257.34,4,2024-09-15 19:55:56.097610757
315,Premium,Electronics,643.88,6,2022-12-30 01:36:51.407050388
316,Regular,Beauty,279.16,1,2024-02-19 07:16:14.267887606
317,Regular,Clothing,497.05,4,2022-03-24 04:06:43.142788151
318,Wholesale,Clothing,126.09,8,2024-02-25 09:27:57.346086637
319,Wholesale,Electronics,590.15,1,2024-12-16 00:46:50.435899804
320,Premium,Beauty,319.5,3,2023-12-07 09:41:14.100810247
321,Regular,Clothing,628.83,1,2024-07-29 14:36:59.180252225
322,Premium,Beauty,809.35,9,2022-05-26 15:59:00.527803593
323,Wholesale,Clothing,613.59,2,2024-12-23 02:08:01.307350677
324,Wholesale,Beauty,299.27,9,2024-05-15 11:39:40.537542768
325,Premium,Home & Kitchen,259.46,4,2023-02-21 13:06:44.235585676
326,Wholesale,Beauty,330.78,2,2023-05-01 09:03:31.666556804
327,Premium,Beauty,168.8,4,2024-01-31 12:45:46.980311628
328,Regular,Electronics,185.27,6,2022-11-06 19:37:53.533251960
329,Premium,Home & Kitchen,791.74,7,2022-06-28 00:40:14.382937933
330,Regular,Books,387.81,3,2024-10-19 02:17:07.422035778
331,Regular,Electronics,438.82,3,2022-09-15 14:35:39.218391666
332,Wholesale,Books,596.08,8,2023-08-29 17:08:43.309174128
333,Wholesale,Clothing,591.71,5,2022-03-09 02:43:25.406644235
334,Wholesale,Books,72.04,4,2023-03-03 15:04:56.832786091
335,Premium,Beauty,832.38,7,2024-01-10 13:02:19.617315623
336,Premium,Books,181.44,7,2023-04-22 03:48:05.344308564
337,Wholesale,Electronics,724.46,9,2023-07-19 10:03:04.289730390
338,Premium,Electronics,773.81,9,2023-06-01 13:50:45.812039352
339,Wholesale,Books,716.33,5,2024-05-17 22:04:11.308315515
340,Premium,Electronics,581.08,8,2024-02-22 09:52:35.126610806
341,Regular,Electronics,19.54,1,2023-05-18 12:26:50.019481754
342,Regular,Books,363.57,9,2024-12-22 21:27:43.225508160
343,Wholesale,Home & Kitchen,606.82,8,2022-03-02 19:09:00.554690993
344,Premium,Home & Kitchen,390.51,6,2023-02-17 08:51:07.827409768
345,Premium,Clothing,864.16,3,2024-07-19 06:54:35.210600088
346,Regular,Electronics,312.26,3,2024-05-21 19:51:16.987116622
347,Regular,Books,297.07,8,2022-12-29 18:42:41.087860679
348,Wholesale,Electronics,269.67,5,2024-04-03 07:39:18.142585701
349,Regular,Beauty,336.12,7,2022-01-25 20:28:51.828929477
350,Wholesale,Electronics,559.62,5,2022-05-30 00:08:57.752842978
351,Regular,Electronics,708.48,8,2023-01-12 17:46:36.495219904
352,Regular,Home & Kitchen,664.26,4,2023-11-03 05:55:12.502452133
353,Premium,Books,808.68,2,2022-09-10 15:23:53.876507633
354,Regular,Electronics,886.48,3,2024-06-18 23:57:06.430006726
355,Regular,Home & Kitchen,817.0,8,2022-12-30 12:58:10.103055500
356,Wholesale,Clothing,23.85,7,2022-09-21 15:15:09.722308008
357,Regular,Home & Kitchen,737.24,2,2023-03-17 02:12:41.612092104
358,Wholesale,Home & Kitchen,212.36,6,2022-05-12 15:24:56.357156126
359,Regular,Home & Kitchen,137.26,9,2022-11-02 19:36:36.954283260
360,Regular,Electronics,640.3,4,2024-08-16 22:50:05.268937089
361,Wholesale,Electronics,323.14,9,2024-12-18 21:42:33.141023530
362,Premium,Clothing,61.83,2,2023-05-30 10:47:19.153193157
363,Wholesale,Beauty,141.94,2,2024-05-30 04:26:45.591647287
364,Wholesale,Beauty,5.92,9,2023-03-13 06:47:05.559889098
365,Wholesale,Beauty,903.71,7,2024-07-17 11:08:50.110371436
366,Premium,Clothing,29.49,7,2022-02-04 00:49:51.125127771
367,Regular,Beauty,213.41,1,2023-08-29 10:44:26.701198222
368,Wholesale,Beauty,419.18,6,2022-03-07 15:11:17.141220968
369,Wholesale,Home & Kitchen,359.79,7,2024-12-02 10:00:19.792599123
370,Premium,Electronics,912.17,6,2024-04-13 22:44:25.085854762
371,Wholesale,Electronics,45.09,6,2022-09-12 11:58:11.305548614
372,Regular,Home & Kitchen,514.65,2,2022-02-24 11:05:19.206517341
373,Premium,Home & Kitchen,682.08,6,2023-04-08 10:42:12.268226692
374,Regular,Home & Kitchen,932.04,4,2023-02-25 21:11:31.341252983
375,Regular,Electronics,622.27,9,2024-07-18 12:47:11.299512786
376,Premium,Beauty,804.74,1,2023-09-26 20:12:11.362118868
377,Wholesale,Home & Kitchen,88.31,8,2024-06-29 12:21:32.722953788
378,Regular,Clothing,389.01,5,2023-09-08 22:53:02.732200084
379,Regular,Home & Kitchen,377.08,1,2024-04-07 11:28:09.744415115
380,Regular,Books,886.86,4,2023-04-27 09:08:38.232780179
381,Regular,Home & Kitchen,155.61,1,2024-01-27 09:02:04.405433984
382,Premium,Electronics,156.13,6,2023-02-05 18:05:35.763271447
383,Premium,Home & Kitchen,331.92,2,2023-10-06 16:27:37.229954339
384,Regular,Books,59.19,5,2024-06-07 08:04:11.169353418
385,Wholesale,Clothing,186.55,7,2022-06-10 20:32:09.326889915
386,Regular,Beauty,965.38,2,2022-07-27 06:24:06.912782028
387,Wholesale,Home & Kitchen,431.04,6,2023-11-15 11:03:43.777241525
388,Regular,Books,633.86,6,2022-05-10 21:08:43.233809089
389,Wholesale,Books,727.48,5,2024-06-03 08:38:21.972562341
390,Regular,Clothing,370.13,5,2024-12-09 11:54:27.941008546
391,Wholesale,Electronics,151.49,3,2024-09-26 10:12:08.296539676
392,Regular,Home & Kitchen,210.55,2,2022-04-17 16:15:02.754743861
393,Regular,Books,316.7,7,2022-02-01 10:52:41.880151324
394,Wholesale,Clothing,637.89,1,2024-08-02 02:23:20.166711682
395,Premium,Beauty,401.29,6,2023-06-02 11:34:48.428766345
396,Wholesale,Books,11.78,6,2022-08-17 05:00:44.822214633
397,Premium,Clothing,525.79,3,2024-04-27 00:48:52.788088060
398,Regular,Electronics,921.91,2,2024-06-09 12:49:06.022309993
399,Wholesale,Electronics,813.02,2,2022-07-12 05:51:37.065820535
400,Wholesale,Books,826.09,9,2023-11-17 09:34:45.108048838
401,Wholesale,Books,796.08,5,2024-04-24 14:28:27.243047002
402,Premium,Home & Kitchen,327.11,7,2022-02-20 00:23:11.082271059
403,Premium,Clothing,766.37,5,2024-10-29 12:44:54.147785260
404,Regular,Books,147.45,7,2024-10-21 03:30:36.926899080
405,Premium,Home & Kitchen,659.43,4,2024-01-03 17:42:32.942732137
406,Premium,Home & Kitchen,643.36,8,2022-08-12 01:01:40.443128453
407,Regular,Books,30.44,7,2023-12-28 10:13:47.709324335
408,Wholesale,Electronics,789.03,5,2022-03-02 02:20:31.823689966
409,Wholesale,Clothing,903.73,6,2024-06-09 18:10:43.680242127
410,Regular,Clothing,271.08,5,2023-04-01 14:34:20.139217679
411,Wholesale,Electronics,813.33,7,2023-05-10 00:48:06.969184447
412,Premium,Books,86.99,2,2024-03-04 02:38:19.052509397
413,Regular,Clothing,601.97,5,2022-10-31 12:20:14.389714247
414,Regular,Books,488.22,3,2024-03-14 12:07:54.480877948
415,Regular,Books,548.19,9,2022-05-10 10:18:44.133318209
416,Wholesale,Home & Kitchen,926.57,6,2023-07-04 14:12:15.259066606
417,Regular,Electronics,871.96,3,2024-11-02 00:56:28.580152682
418,Regular,Books,786.16,7,2024-03-15 09:34:57.421420745
419,Regular,Beauty,277.33,4,2022-06-30 18:03:32.855121399
420,Wholesale,Electronics,912.26,3,2024-10-07 19:39:34.088757284
421,Premium,Clothing,102.02,8,2022-05-22 20:22:02.288176716
422,Regular,Home & Kitchen,854.06,4,2024-03-28 18:45:43.298992892
423,Premium,Clothing,331.52,1,2024-03-11 14:34:11.654819671
424,Wholesale,Clothing,58.5,6,2022-07-22 07:47:45.400589487
425,Wholesale,Electronics,671.01,1,2024-04-05 22:18:29.490336968
426,Wholesale,Clothing,235.12,5,2023-06-12 02:29:00.928350182
427,Wholesale,Books,247.35,7,2022-04-27 20:30:51.509176713
428,Premium,Clothing,309.52,6,2023-05-23 10:41:44.824519721
429,Regular,Home & Kitchen,68.37,2,2024-03-14 06:56:19.338266222
430,Wholesale,Home & Kitchen,181.24,4,2022-05-18 15:08:02.677839842
431,Wholesale,Beauty,10.11,2,2022-12-18 01:13:41.639739204
432,Premium,Home & Kitchen,448.18,1,2023-11-13 10:29:51.308810559
433,Premium,Clothing,88.83,3,2022-04-22 00:34:00.836657719
434,Wholesale,Home & Kitchen,684.24,3,2022-11-01 22:57:25.517078763
435,Regular,Electronics,239.44,7,2024-06-30 20:16:50.498358234
436,Regular,Home & Kitchen,943.86,1,2022-07-17 16:31:01.065076613
437,Wholesale,Books,871.9,9,2023-03-04 13:56:41.918399649
438,Premium,Electronics,292.99,6,2024-01-18 03:34:04.511546043
439,Wholesale,Beauty,784.3,4,2022-01-01 05:34:47.839072036
440,Wholesale,Books,804.23,3,2024-04-20 11:29:38.482437089
441,Premium,Clothing,986.63,3,2024-03-17 12:29:32.813028413
442,Wholesale,Clothing,599.85,2,2022-01-28 18:36:32.735495715
443,Wholesale,Clothing,86.56,2,2024-01-10 21:46:49.121799764
444,Wholesale,Books,648.6,5,2023-08-29 19:14:30.957455043
445,Premium,Books,626.85,9,2023-12-05 02:22:09.885981903
446,Regular,Books,640.16,2,2022-05-23 16:55:41.301887691
447,Regular,Electronics,310.61,2,2022-01-31 16:36:55.057883954
448,Premium,Electronics,860.38,6,2023-06-01 14:06:41.420305508
449,Regular,Clothing,959.67,2,2022-03-04 04:18:55.415491198
450,Wholesale,Home & Kitchen,221.62,4,2024-11-13 05:24:21.779723785
451,Regular,Clothing,92.71,6,2022-01-13 06:33:00.774663846
452,Wholesale,Beauty,198.56,5,2024-01-08 04:18:29.540526848
453,Regular,Electronics,821.45,1,2023-11-01 00:36:42.745530126
454,Premium,Books,678.26,6,2024-01-04 13:28:32.579197115
455,Regular,Electronics,637.87,1,2023-07-26 17:03:39.293988755
456,Regular,Books,404.78,3,2022-09-18 07:47:40.576870945
457,Regular,Beauty,579.94,5,2022-03-28 15:45:06.656252013
458,Premium,Beauty,311.33,5,2024-02-23 14:57:25.877584614
459,Regular,Electronics,479.81,6,2022-01-09 19:25:37.381962060
460,Premium,Books,794.1,8,2024-07-31 04:40:44.853752964
461,Wholesale,Beauty,981.34,5,2024-07-13 09:22:37.504307739
462,Regular,Clothing,932.83,1,2022-05-24 21:20:36.233590294
463,Premium,Clothing,934.2,5,2022-03-15 13:55:04.024492652
464,Premium,Books,405.21,3,2024-07-05 21:37:48.683706000
465,Regular,Electronics,471.45,4,2023-12-23 13:44:50.266713953
466,Wholesale,Beauty,707.11,8,2023-05-30 21:09:04.733855629
467,Premium,Electronics,922.58,7,2022-09-07 09:47:04.283295515
468,Regular,Clothing,146.28,5,2022-05-17 12:17:18.893454303
469,Wholesale,Beauty,307.72,2,2023-12-30 15:14:20.966320444
470,Premium,Electronics,143.55,6,2024-01-31 19:22:10.527120703
471,Premium,Home & Kitchen,613.95,6,2023-08-25 09:52:32.379815504
472,Wholesale,Books,309.77,6,2024-12-24 19:05:42.654048712
473,Wholesale,Books,329.48,9,2024-08-06 15:50:35.999099399
474,Regular,Home & Kitchen,75.56,8,2024-04-27 08:27:11.615188913
475,Regular,Clothing,353.05,8,2022-04-30 01:07:54.008287941
476,Premium,Beauty,863.18,1,2024-12-05 11:21:19.024664522
477,Wholesale,Books,236.91,5,2022-05-05 15:49:37.572306049
478,Wholesale,Home & Kitchen,696.71,7,2022-09-12 06:26:47.263508835
479,Wholesale,Home & Kitchen,631.48,6,2023-08-25 07:45:55.087950713
480,Premium,Clothing,864.17,5,2022-01-28 07:45:57.110779266
481,Wholesale,Clothing,136.63,8,2024-09-30 04:11:09.397844769
482,Wholesale,Electronics,977.7,3,2024-10-28 20:28:23.958269205
483,Premium,Books,584.72,6,2024-07-13 19:15:06.860316401
484,Regular,Electronics,995.5,5,2023-02-17 02:20:16.682403359
485,Regular,Home & Kitchen,911.96,8,2023-07-10 02:32:28.709596047
486,Premium,Beauty,225.41,4,2024-06-19 13:35:15.862157312
487,Wholesale,Beauty,60.88,8,2023-02-01 10:57:21.022750001
488,Premium,Clothing,259.36,2,2023-10-18 22:25:30.790714894
489,Regular,Beauty,529.93,9,2024-03-03 18:30:01.090341803
490,Regular,Beauty,175.74,9,2024-08-10 00:28:18.955169097
491,Premium,Beauty,171.62,6,2022-03-01 14:43:19.472081042
492,Premium,Home & Kitchen,465.28,4,2023-02-17 21:29:41.628748938
493,Regular,Beauty,38.1,4,2023-11-03 10:42:11.961479466
494,Premium,Beauty,126.28,6,2022-05-27 15:22:40.926045009
495,Regular,Beauty,418.78,5,2023-09-09 12:44:43.437971633
496,Premium,Electronics,67.81,6,2024-04-27 04:11:45.306076513
497,Premium,Home & Kitchen,399.77,7,2023-11-13 20:38:13.431296877
498,Premium,Clothing,476.64,7,2023-04-20 11:56:07.977777910
499,Regular,Electronics,454.01,9,2024-01-26 13:28:14.306860476
500,Premium,Books,869.83,8,2022-10-31 18:46:16.451656387
501,Regular,Home & Kitchen,532.41,6,2022-02-11 20:56:17.362548334
502,Regular,Home & Kitchen,470.64,6,2023-01-20 22:10:06.604993894
503,Premium,Books,413.66,5,2023-04-07 04:35:22.828663058
504,Premium,Books,818.54,1,2022-01-09 16:17:32.337738930
505,Regular,Books,895.58,9,2024-03-17 05:51:30.918893381
506,Regular,Clothing,853.98,9,2023-09-24 16:49:38.677608399
507,Wholesale,Beauty,675.18,9,2023-01-10 05:03:37.985547416
508,Regular,Home & Kitchen,141.67,8,2023-12-14 09:31:46.006697034
509,Wholesale,Beauty,280.49,3,2022-08-18 22:28:43.141899974
510,Wholesale,Beauty,50.83,1,2022-12-07 08:56:36.097806903
511,Wholesale,Books,931.17,8,2023-08-12 07:53:36.006802776
512,Premium,Clothing,662.49,7,2024-09-18 00:17:29.309370526
513,Premium,Electronics,747.63,5,2022-08-26 00:57:05.995169763
514,Regular,Clothing,315.01,7,2023-04-18 17:08:31.817683672
515,Wholesale,Beauty,846.43,4,2024-11-02 10:11:32.843030092
516,Premium,Clothing,263.31,9,2023-10-19 00:17:02.521057960
517,Premium,Books,6.64,2,2024-10-19 14:15:36.170785566
518,Premium,Electronics,379.53,9,2023-08-24 18:21:47.145734559
519,Premium,Books,572.91,9,2024-07-03 23:17:45.814264289
520,Premium,Electronics,481.31,5,2024-07-20 10:50:10.493993786
521,Wholesale,Beauty,862.77,1,2024-12-01 12:33:02.934961263
522,Wholesale,Electronics,109.88,7,2024-02-09 19:34:27.495087029
523,Wholesale,Electronics,556.05,4,2023-11-02 05:26:39.672400249
524,Wholesale,Electronics,515.41,9,2022-12-10 09:34:28.482508480
525,Regular,Clothing,284.99,6,2023-08-13 18:21:04.121086281
526,Wholesale,Clothing,823.12,3,2022-10-21 07:50:27.493299331
527,Premium,Beauty,754.08,6,2024-08-29 07:54:08.589910397
528,Wholesale,Electronics,734.19,6,2023-03-13 09:14:35.078576397
529,Regular,Home & Kitchen,876.81,5,2024-03-10 23:20:59.315507595
530,Premium,Beauty,724.17,2,2022-07-25 08:48:30.269496994
531,Wholesale,Electronics,235.68,2,2023-04-09 20:28:51.081413962
532,Wholesale,Electronics,707.03,7,2023-05-11 21:31:44.872109340
533,Wholesale,Clothing,311.16,2,2022-03-09 20:49:32.111239187
534,Premium,Beauty,245.96,6,2022-06-11 04:07:20.702878989
535,Premium,Electronics,77.64,5,2023-03-08 08:16:31.932255335
536,Regular,Electronics,745.31,4,2024-02-20 15:16:11.563094201
537,Premium,Beauty,712.45,7,2023-11-05 08:17:58.704054524
538,Premium,Home & Kitchen,238.33,8,2024-06-28 08:06:23.872469703
539,Wholesale,Beauty,750.63,4,2023-08-10 00:14:28.194975746
540,Premium,Beauty,918.25,1,2024-09-29 23:54:05.453632747
541,Wholesale,Home & Kitchen,112.49,1,2024-08-01 00:10:05.660205283
542,Wholesale,Beauty,236.47,1,2024-12-11 20:03:55.416819341
543,Premium,Electronics,751.51,1,2023-03-05 18:04:42.205880267
544,Regular,Beauty,278.13,5,2022-10-03 16:12:05.505562591
545,Regular,Home & Kitchen,626.54,4,2024-08-02 01:36:58.920543284
546,Premium,Books,85.76,9,2023-08-22 19:26:09.088048237
547,Regular,Beauty,454.94,3,2022-07-08 09:04:01.940693939
548,Wholesale,Clothing,740.4,7,2024-07-21 01:43:33.349776387
549,Wholesale,Electronics,688.08,8,2024-09-05 18:01:42.998706859
550,Premium,Electronics,816.0,6,2024-10-05 10:35:38.078802479
551,Regular,Clothing,878.06,1,2022-12-06 07:23:26.256406362
552,Regular,Clothing,774.32,8,2023-12-25 11:31:35.803304443
553,Wholesale,Beauty,673.23,3,2022-04-16 16:27:03.548647804
554,Premium,Clothing,36.56,8,2024-09-09 09:16:50.497138179
555,Regular,Books,537.29,4,2022-06-02 23:14:13.098700616
556,Premium,Home & Kitchen,42.51,8,2023-08-12 20:28:51.558859567
557,Regular,Clothing,809.03,1,2022-02-23 12:43:02.507364457
558,Wholesale,Clothing,324.12,3,2024-03-12 14:06:55.460997207
559,Wholesale,Books,564.62,6,2023-05-09 10:36:07.712750448
560,Premium,Electronics,283.05,9,2024-10-13 02:28:22.933998107
561,Wholesale,Electronics,783.59,2,2022-05-25 23:38:06.079453761
562,Regular,Beauty,887.07,1,2022-08-30 22:29:08.151833967
563,Wholesale,Books,401.65,3,2022-01-20 02:13:44.234859662
564,Premium,Home & Kitchen,863.61,4,2024-03-27 04:49:46.539684384
565,Premium,Home & Kitchen,270.74,5,2024-02-27 22:33:56.886668733
566,Premium,Books,536.99,3,2023-03-27 02:52:10.623126461
567,Regular,Home & Kitchen,859.47,2,2024-08-18 01:37:16.359508623
568,Regular,Electronics,329.25,2,2023-08-06 06:06:25.477765840
569,Regular,Home & Kitchen,954.27,7,2024-12-08 11:50:03.621556266
570,Regular,Home & Kitchen,126.27,9,2022-11-08 15:26:10.717269747
571,Regular,Books,23.18,2,2022-04-07 01:19:40.945177933
572,Wholesale,Books,904.61,7,2022-12-30 15:00:36.575263802
573,Regular,Home & Kitchen,73.31,7,2023-09-02 13:35:14.667078192
574,Regular,Clothing,991.93,7,2022-01-20 04:56:19.164962037
575,Wholesale,Books,951.64,3,2022-10-01 17:18:57.202472733
576,Regular,Beauty,141.34,7,2022-05-04 12:56:02.242276683
577,Premium,Beauty,539.9,1,2022-11-14 02:28:14.609970001
578,Regular,Electronics,189.0,1,2022-09-30 07:04:03.521333851
579,Regular,Home & Kitchen,431.01,5,2022-11-09 14:56:32.732161814
580,Premium,Clothing,66.12,2,2023-08-23 05:16:10.230701868
581,Premium,Electronics,227.8,9,2024-06-19 22:16:29.460927950
582,Premium,Home & Kitchen,366.46,7,2023-03-18 04:31:59.997957390
583,Premium,Books,441.45,4,2024-02-12 07:18:26.156724969
584,Regular,Beauty,977.61,4,2022-01-27 11:56:18.961029183
585,Premium,Clothing,808.83,2,2023-02-22 14:27:35.479322119
586,Premium,Beauty,738.72,5,2022-08-28 11:06:16.309160181
587,Wholesale,Books,539.36,4,2022-12-06 13:21:06.618993980
588,Premium,Home & Kitchen,840.8,1,2022-12-11 04:38:10.870270446
589,Premium,Books,342.63,8,2023-09-28 00:52:58.371146065
590,Wholesale,Books,710.35,3,2023-02-04 06:54:46.517011942
591,Wholesale,Beauty,993.82,6,2024-07-11 07:07:59.172924736
592,Regular,Clothing,318.06,4,2023-10-29 07:18:32.426999940
593,Wholesale,Books,675.65,9,2022-09-02 02:38:55.655348306
594,Regular,Beauty,845.09,7,2023-01-22 13:51:01.340467470
595,Wholesale,Clothing,916.23,9,2023-05-08 00:06:33.294170222
596,Wholesale,Home & Kitchen,719.34,3,2022-02-21 10:55:55.442805622
597,Regular,Home & Kitchen,287.19,1,2024-12-26 07:47:19.917238180
598,Wholesale,Electronics,329.65,5,2022-04-14 02:40:01.620554056
599,Regular,Beauty,25.65,3,2022-09-18 02:55:38.079031336
600,Wholesale,Clothing,762.08,6,2024-05-08 13:36:48.575994902
601,Premium,Books,47.53,8,2024-06-29 06:24:21.802912506
602,Wholesale,Home & Kitchen,865.33,4,2022-03-29 19:16:36.754803610
603,Regular,Clothing,123.07,5,2024-10-30 20:04:03.717742399
604,Wholesale,Beauty,176.02,5,2024-03-25 15:11:39.432595043
605,Regular,Electronics,479.14,4,2024-07-05 15:37:28.512720273
606,Regular,Home & Kitchen,739.19,4,2024-02-08 14:36:30.906770060
607,Premium,Clothing,143.31,4,2023-04-24 08:56:01.073413942
608,Premium,Clothing,442.87,4,2022-09-04 09:40:08.321183438
609,Regular,Clothing,485.44,4,2022-08-03 21:49:46.149616939
610,Wholesale,Beauty,216.22,5,2022-05-23 18:05:09.136036503
611,Regular,Beauty,119.98,2,2024-03-20 07:59:01.111797490
612,Regular,Beauty,837.24,2,2023-07-20 00:11:06.184584808
613,Wholesale,Books,504.95,9,2023-10-11 16:29:05.483072867
614,Wholesale,Clothing,19.31,2,2022-06-27 07:04:54.869796204
615,Wholesale,Home & Kitchen,803.97,6,2022-03-31 02:22:24.175964106
616,Wholesale,Beauty,980.89,2,2022-02-08 16:01:57.263955645
617,Regular,Beauty,607.9,5,2023-12-10 20:28:27.156133871
618,Regular,Clothing,506.19,4,2023-08-05 03:00:48.264566164
619,Premium,Beauty,879.02,7,2024-06-11 22:25:37.637651466
620,Regular,Books,952.75,7,2023-04-10 00:58:52.872358193
621,Wholesale,Books,755.76,6,2023-09-25 02:25:54.636865022
622,Premium,Beauty,448.23,5,2022-02-22 14:06:02.958970210
623,Wholesale,Clothing,594.26,1,2023-09-24 17:47:33.518873951
624,Regular,Clothing,702.43,3,2024-10-03 21:38:38.342872077
625,Premium,Clothing,198.3,9,2023-03-17 06:36:44.368110800
626,Wholesale,Electronics,449.97,1,2023-08-02 01:43:40.693238202
627,Premium,Beauty,830.67,5,2023-11-26 09:55:59.497900868
628,Premium,Clothing,656.45,2,2024-03-26 01:59:48.483105384
629,Regular,Books,414.15,4,2022-02-09 01:36:13.857218706
630,Wholesale,Home & Kitchen,665.05,1,2023-07-01 10:01:34.784264335
631,Premium,Home & Kitchen,122.63,3,2024-10-17 02:28:30.304722925
632,Premium,Clothing,404.49,7,2022-09-08 20:44:34.453413209
633,Wholesale,Home & Kitchen,794.16,3,2024-09-03 14:45:17.883923800
634,Premium,Home & Kitchen,224.41,4,2024-09-10 06:59:08.414135214
635,Premium,Electronics,190.03,2,2024-12-20 06:05:48.754855132
636,Premium,Books,951.06,3,2023-10-13 17:44:40.940515399
637,Wholesale,Books,213.85,9,2023-11-22 18:36:53.814974166
638,Wholesale,Electronics,264.61,3,2023-08-11 01:35:11.582293526
639,Wholesale,Electronics,969.77,5,2024-05-28 18:23:13.427726708
640,Wholesale,Home & Kitchen,736.04,2,2024-02-28 04:55:06.121189468
641,Regular,Beauty,701.1,4,2023-09-20 04:41:45.703137603
642,Premium,Home & Kitchen,853.66,7,2024-02-21 23:53:59.432417854
643,Wholesale,Electronics,120.24,7,2024-09-07 10:25:36.360418016
644,Premium,Books,707.43,3,2023-03-08 15:40:18.391697753
645,Premium,Home & Kitchen,506.17,5,2024-04-17 01:05:20.952999014
646,Regular,Beauty,830.0,1,2023-10-20 12:04:14.499898124
647,Wholesale,Home & Kitchen,510.6,1,2023-08-07 14:07:35.301191404
648,Wholesale,Clothing,622.14,5,2022-10-26 09:42:28.727487189
649,Premium,Home & Kitchen,480.35,9,2024-12-03 01:59:14.729644616
650,Wholesale,Electronics,480.77,1,2022-10-15 23:06:11.403660927
651,Premium,Books,769.13,1,2023-01-15 21:25:39.019160128
652,Premium,Books,630.42,4,2023-03-25 22:00:41.086317918
653,Regular,Electronics,635.1,4,2024-09-08 18:47:03.517724078
654,Regular,Clothing,453.03,2,2023-04-28 02:52:38.115046118
655,Regular,Electronics,533.45,9,2022-10-16 21:09:17.713158347
656,Premium,Home & Kitchen,746.99,9,2024-05-09 17:57:00.414774325
657,Wholesale,Electronics,826.81,2,2024-04-03 21:12:45.241437518
658,Regular,Electronics,698.08,9,2024-08-16 20:48:53.066228870
659,Wholesale,Clothing,924.45,6,2024-10-11 23:08:17.050329192
660,Regular,Home & Kitchen,821.22,8,2023-07-01 01:16:25.358892553
661,Regular,Beauty,564.05,4,2023-01-31 05:28:18.942106267
662,Premium,Beauty,673.05,2,2022-12-05 01:21:42.100832804
663,Regular,Books,926.68,2,2024-06-20 12:41:49.992438850
664,Regular,Electronics,621.07,9,2023-01-18 06:29:28.318914858
665,Premium,Books,825.68,1,2024-03-17 11:37:15.830859476
666,Wholesale,Clothing,690.37,7,2022-11-15 17:54:50.167283812
667,Regular,Beauty,554.18,3,2023-01-27 12:00:13.275994443
668,Premium,Electronics,245.63,3,2023-12-12 22:26:41.247637222
669,Regular,Clothing,428.87,2,2024-12-19 01:29:50.087518588
670,Premium,Clothing,967.9,6,2022-12-05 09:50:04.534333206
671,Wholesale,Electronics,659.48,2,2022-09-17 00:26:19.523407980
672,Wholesale,Clothing,566.57,4,2023-08-18 20:17:40.069183445
673,Premium,Electronics,933.29,9,2024-08-10 19:16:26.131223986
674,Premium,Electronics,588.58,9,2024-03-16 17:16:14.612379865
675,Premium,Home & Kitchen,528.45,6,2022-02-01 15:17:30.630947093
676,Wholesale,Books,760.51,4,2024-10-01 18:42:53.419213368
677,Regular,Clothing,714.1,7,2024-06-14 11:14:57.933325297
678,Wholesale,Clothing,197.19,1,2022-10-30 14:39:51.559850737
679,Premium,Home & Kitchen,473.95,4,2023-03-18 09:31:33.975210069
680,Premium,Home & Kitchen,475.15,5,2024-06-08 00:54:46.985554666
681,Wholesale,Home & Kitchen,381.33,8,2022-09-26 20:37:00.746520350
682,Premium,Beauty,519.71,2,2024-12-01 14:25:09.961720712
683,Wholesale,Beauty,416.04,5,2022-10-02 00:37:18.745891513
684,Premium,Beauty,203.35,6,2022-04-10 01:32:39.674727202
685,Regular,Electronics,415.3,5,2022-09-21 18:30:50.546975070
686,Regular,Clothing,76.92,9,2024-04-13 20:54:19.867615096
687,Premium,Books,577.91,1,2022-09-16 05:46:28.424603406
688,Wholesale,Electronics,854.39,3,2024-03-25 05:49:27.408778335
689,Regular,Clothing,726.66,2,2022-03-08 00:13:10.459888125
690,Wholesale,Clothing,363.59,3,2022-05-14 14:06:27.188726559
691,Premium,Home & Kitchen,91.64,9,2024-07-17 10:44:01.442706514
692,Wholesale,Home & Kitchen,206.14,9,2023-05-27 17:48:44.676411803
693,Regular,Electronics,547.76,2,2022-11-01 20:17:36.219343828
694,Wholesale,Home & Kitchen,211.02,3,2024-10-05 12:08:40.326380110
695,Wholesale,Clothing,546.25,4,2023-06-07 14:27:57.402839698
696,Premium,Home & Kitchen,235.44,9,2023-07-31 05:32:23.139971453
697,Premium,Beauty,849.68,3,2022-07-05 12:44:03.290200453
698,Premium,Home & Kitchen,400.29,7,2023-02-17 22:33:18.210869832
699,Regular,Clothing,249.32,3,2023-08-31 02:47:13.888702931
700,Regular,Electronics,813.26,7,2023-12-12 05:54:20.370717605
701,Premium,Books,346.12,7,2024-09-26 19:39:01.635208401
702,Premium,Home & Kitchen,115.93,9,2024-06-19 19:33:43.071397500
703,Regular,Clothing,572.56,2,2024-05-04 02:33:01.343518642
704,Regular,Books,583.66,6,2022-02-09 08:26:41.815054303
705,Regular,Books,716.12,9,2024-12-22 23:16:52.841753908
706,Regular,Beauty,244.02,2,2022-03-21 14:18:52.266213050
707,Premium,Books,446.55,2,2024-12-30 21:57:10.787147341
708,Regular,Clothing,285.96,5,2024-09-09 21:12:52.598406329
709,Premium,Clothing,85.55,8,2024-05-08 01:56:33.647428658
710,Wholesale,Home & Kitchen,877.23,9,2023-12-16 17:19:12.329408660
711,Wholesale,Home & Kitchen,730.23,2,2023-10-18 04:29:19.021118743
712,Regular,Home & Kitchen,304.96,5,2024-10-24 13:16:19.444813905
713,Wholesale,Books,601.38,7,2022-11-04 18:14:51.816485788
714,Wholesale,Books,205.26,6,2023-12-08 21:30:57.162030060
715,Wholesale,Beauty,890.79,6,2022-11-25 08:13:35.093853592
716,Regular,Home & Kitchen,119.33,7,2022-03-16 08:50:01.948338498
717,Regular,Electronics,8.82,3,2024-11-17 08:33:38.903084120
718,Wholesale,Beauty,504.5,3,2023-02-18 06:06:38.097232581
719,Premium,Electronics,585.21,9,2024-01-20 03:11:02.294332103
720,Wholesale,Books,581.07,8,2023-03-10 10:05:48.229033105
721,Regular,Beauty,59.24,5,2024-11-19 04:09:23.934212352
722,Regular,Beauty,317.47,6,2024-08-26 15:33:57.991587055
723,Regular,Clothing,501.7,1,2022-02-19 17:23:53.824369538
724,Wholesale,Books,220.5,1,2023-07-30 23:54:13.476456131
725,Premium,Books,873.26,4,2022-04-24 14:32:37.048852750
726,Regular,Beauty,91.67,2,2023-08-12 12:27:25.941449253
727,Regular,Books,489.95,7,2023-03-02 19:29:07.550526802
728,Wholesale,Beauty,692.96,2,2023-01-26 18:17:22.997030830
729,Premium,Clothing,265.44,2,2023-08-01 09:27:57.829771622
730,Wholesale,Beauty,626.12,5,2023-08-16 09:27:35.038850661
731,Regular,Books,830.24,4,2023-11-22 12:28:55.077488304
732,Premium,Books,194.39,8,2024-07-07 01:11:31.642189138
733,Premium,Beauty,917.63,4,2024-04-10 23:38:56.443712772
734,Regular,Beauty,555.79,6,2023-08-14 12:32:26.753652446
735,Premium,Beauty,302.74,5,2022-03-24 12:34:47.063537874
736,Premium,Home & Kitchen,433.7,2,2022-03-17 03:32:26.816353971
737,Wholesale,Books,315.63,8,2023-11-13 11:11:15.450099169
738,Regular,Books,726.49,2,2022-12-05 09:10:16.352078956
739,Regular,Home & Kitchen,797.32,9,2022-10-05 17:50:12.448946181
740,Regular,Beauty,833.77,9,2023-05-02 22:23:59.059940122
741,Regular,Clothing,985.84,3,2023-11-25 07:31:01.525971268
742,Regular,Beauty,792.33,4,2024-03-14 19:18:13.897879312
743,Premium,Beauty,603.38,8,2022-02-13 16:29:27.632253254
744,Wholesale,Home & Kitchen,342.52,9,2022-06-12 22:16:57.191374414
745,Regular,Books,546.87,3,2023-06-24 18:12:36.216062988
746,Wholesale,Beauty,45.86,5,2024-08-10 06:22:01.763069787
747,Wholesale,Books,746.1,8,2023-12-07 07:18:55.417578716
748,Premium,Electronics,448.73,3,2022-05-18 05:20:49.213093488
749,Regular,Books,24.92,7,2023-03-28 16:01:01.440474615
750,Premium,Clothing,67.19,8,2022-11-13 15:10:24.237125162
751,Regular,Clothing,390.53,3,2022-11-16 18:50:17.555130272
752,Premium,Beauty,585.5,2,2024-11-10 20:00:01.596403302
753,Wholesale,Books,466.88,7,2024-10-25 02:39:17.946289338
754,Regular,Beauty,621.11,9,2023-07-13 15:21:31.865036443
755,Wholesale,Home & Kitchen,482.89,1,2024-09-27 06:04:27.959688952
756,Wholesale,Clothing,663.4,3,2024-03-21 07:46:04.233173877
757,Premium,Beauty,223.03,5,2022-12-11 12:14:21.666429709
758,Regular,Home & Kitchen,117.28,3,2024-07-20 04:02:59.359364097
759,Wholesale,Beauty,598.45,1,2023-07-04 05:32:55.811571043
760,Premium,Books,487.27,7,2022-05-26 19:38:12.549127959
761,Regular,Books,31.73,7,2023-11-28 10:35:38.311949476
762,Regular,Books,383.58,8,2022-02-09 18:05:58.601583325
763,Wholesale,Books,110.59,5,2024-08-15 09:27:27.389948070
764,Regular,Electronics,533.7,5,2023-12-27 00:18:15.289213134
765,Wholesale,Home & Kitchen,398.8,5,2023-01-27 09:40:51.529514744
766,Regular,Home & Kitchen,615.09,1,2022-03-01 08:10:26.298927850
767,Premium,Books,806.57,5,2022-03-16 18:44:05.553701050
768,Wholesale,Electronics,303.17,6,2024-02-15 13:05:41.917832759
769,Wholesale,Books,962.29,1,2024-10-25 18:53:15.681108697
770,Regular,Electronics,537.96,7,2022-12-13 13:28:51.117525524
771,Regular,Books,620.2,1,2023-09-15 01:00:28.227424640
772,Wholesale,Clothing,682.27,2,2022-03-27 17:33:07.901507285
773,Regular,Clothing,668.4,2,2022-09-14 23:42:57.233682206
774,Premium,Beauty,513.42,5,2022-08-29 02:36:41.051394852
775,Regular,Books,431.62,7,2024-05-01 19:10:58.826443610
776,Premium,Home & Kitchen,58.51,1,2024-01-02 00:22:13.689587699
777,Premium,Beauty,26.98,1,2022-04-14 06:43:39.241702015
778,Premium,Clothing,361.17,1,2024-01-03 21:02:06.303063929
779,Premium,Books,336.99,6,2022-03-27 07:55:18.063837625
780,Premium,Beauty,390.76,2,2023-09-28 22:10:46.404950303
781,Regular,Books,142.68,1,2022-07-23 19:52:25.231406143
782,Premium,Clothing,739.48,6,2022-04-15 06:40:00.449544905
783,Regular,Beauty,857.68,2,2022-01-02 20:34:27.107265360
784,Premium,Clothing,939.02,6,2024-09-05 02:27:20.362741652
785,Wholesale,Electronics,494.9,8,2022-06-22 03:47:29.983274380
786,Premium,Clothing,702.36,2,2022-05-03 04:20:15.401452096
787,Wholesale,Books,856.27,9,2024-08-08 09:02:33.395060512
788,Premium,Home & Kitchen,421.2,8,2022-01-01 00:02:39.130495000
789,Premium,Clothing,312.87,1,2024-09-30 05:19:04.860993320
790,Premium,Home & Kitchen,937.04,7,2024-05-18 23:28:49.980043832
791,Wholesale,Electronics,518.1,6,2023-04-27 22:01:54.854412720
792,Wholesale,Beauty,499.77,6,2023-10-27 13:32:26.421358647
793,Premium,Beauty,182.52,6,2024-02-13 15:10:07.064712919
794,Regular,Home & Kitchen,112.61,6,2024-09-02 04:25:54.269560256
795,Premium,Beauty,842.9,7,2022-05-07 18:55:40.187451648
796,Wholesale,Clothing,616.06,3,2024-08-10 22:38:35.135009257
797,Premium,Home & Kitchen,329.2,6,2022-12-30 14:07:31.780341378
798,Wholesale,Books,195.78,3,2023-04-30 16:53:27.842580114
799,Wholesale,Clothing,557.72,7,2023-10-23 08:00:13.755908074
800,Wholesale,Clothing,586.0,7,2024-10-10 07:14:47.526470065
801,Premium,Clothing,210.96,8,2024-05-11 18:56:56.608001168
802,Wholesale,Books,852.15,2,2022-05-15 06:42:31.601653101
803,Wholesale,Electronics,88.84,9,2022-09-28 14:56:56.448669244
804,Premium,Beauty,359.31,5,2024-11-20 12:01:43.609378352
805,Wholesale,Home & Kitchen,681.98,9,2022-11-22 05:05:42.079518139
806,Premium,Electronics,277.75,5,2024-11-05 13:54:26.284951082
807,Wholesale,Home & Kitchen,828.54,7,2022-05-29 12:55:42.299233841
808,Regular,Beauty,741.17,9,2022-02-18 17:04:30.246388688
809,Regular,Books,790.08,4,2023-11-06 03:01:32.897816992
810,Wholesale,Clothing,123.51,2,2023-11-16 23:12:50.438556819
811,Regular,Clothing,144.84,9,2024-04-13 19:23:08.270600983
812,Premium,Books,290.04,2,2024-11-28 01:52:58.184273599
813,Regular,Electronics,520.49,3,2022-02-18 23:42:05.372783695
814,Wholesale,Electronics,749.28,2,2024-02-09 09:47:30.403984072
815,Wholesale,Home & Kitchen,837.35,3,2024-03-24 22:18:00.516203723
816,Premium,Books,705.81,6,2022-06-28 15:57:44.827671933
817,Wholesale,Electronics,928.95,3,2024-02-14 10:43:15.994060860
818,Premium,Books,740.05,8,2024-03-17 03:20:59.157106206
819,Regular,Beauty,309.74,6,2022-12-16 20:51:50.393980939
820,Regular,Clothing,268.76,7,2023-11-10 18:50:46.462057886
821,Premium,Clothing,697.71,1,2024-07-08 10:00:51.605574815
822,Premium,Clothing,196.91,3,2023-04-26 08:57:42.655180794
823,Wholesale,Books,97.25,3,2024-09-27 08:43:43.890075362
824,Regular,Books,534.56,2,2023-09-05 07:47:54.922823484
825,Premium,Home & Kitchen,822.53,7,2022-06-09 08:31:22.140458324
826,Regular,Clothing,105.87,9,2023-09-13 10:36:09.386114819
827,Premium,Home & Kitchen,792.93,4,2023-09-06 20:11:20.506399539
828,Regular,Clothing,812.51,5,2023-05-21 08:24:45.956513482
829,Wholesale,Home & Kitchen,484.86,3,2024-11-22 08:45:03.700561936
830,Regular,Home & Kitchen,62.02,9,2024-10-14 01:44:42.966318410
831,Regular,Beauty,178.72,4,2023-04-04 21:19:24.623785698
832,Regular,Home & Kitchen,708.89,5,2023-01-25 19:26:30.008030693
833,Regular,Books,713.22,1,2023-03-11 11:31:09.335416948
834,Regular,Home & Kitchen,898.86,2,2024-01-22 00:06:02.928817007
835,Wholesale,Clothing,584.77,9,2023-11-02 09:39:24.568442650
836,Premium,Home & Kitchen,128.49,2,2022-09-13 09:49:15.761802029
837,Regular,Electronics,125.81,5,2023-11-01 23:16:10.250288674
838,Wholesale,Clothing,722.53,8,2024-05-26 23:51:47.653789007
839,Regular,Electronics,187.87,3,2024-07-23 17:34:46.028160888
840,Regular,Clothing,331.74,6,2023-07-21 05:37:28.239214738
841,Premium,Books,489.78,4,2022-04-29 07:19:40.539117648
842,Regular,Books,29.64,7,2022-04-09 16:25:54.974432921
843,Wholesale,Books,252.57,3,2023-01-18 22:15:47.862112630
844,Wholesale,Electronics,410.85,6,2022-03-19 13:17:49.678680126
845,Premium,Beauty,283.24,9,2022-10-20 05:02:28.500357787
846,Regular,Clothing,140.69,1,2022-06-04 01:20:15.700168107
847,Wholesale,Books,729.37,3,2022-11-27 14:37:19.455161770
848,Regular,Clothing,814.08,2,2024-02-02 17:30:51.028585127
849,Regular,Electronics,261.19,8,2022-08-15 07:30:26.405553800
850,Regular,Beauty,775.55,7,2022-08-03 12:42:25.893237194
851,Premium,Electronics,388.63,2,2022-12-03 20:04:41.671807439
852,Regular,Clothing,509.15,6,2023-06-12 09:41:17.551262074
853,Wholesale,Beauty,856.72,3,2023-05-09 14:37:43.542931049
854,Regular,Beauty,751.2,8,2022-04-08 10:43:41.375529031
855,Wholesale,Electronics,806.09,3,2023-07-12 13:15:30.566945996
856,Regular,Books,141.16,9,2024-03-16 14:03:46.220960080
857,Wholesale,Clothing,74.37,1,2022-05-03 06:26:36.753214935
858,Wholesale,Home & Kitchen,893.94,5,2024-04-06 23:38:18.401123997
859,Regular,Home & Kitchen,390.9,3,2024-07-17 07:45:19.466410636
860,Regular,Electronics,291.44,6,2023-09-06 08:20:42.168659974
861,Wholesale,Clothing,726.07,2,2023-12-03 06:56:14.324632530
862,Premium,Clothing,837.23,9,2022-10-04 14:35:00.997380661
863,Regular,Electronics,863.18,6,2023-09-14 15:53:08.739735381
864,Premium,Clothing,319.42,7,2023-08-05 19:35:23.616168508
865,Regular,Books,852.95,5,2024-12-26 02:30:34.833671710
866,Regular,Electronics,45.73,9,2022-07-31 03:15:38.698819021
867,Regular,Books,54.41,1,2024-12-05 10:45:47.355415293
868,Regular,Clothing,625.4,5,2023-02-17 17:50:09.184614790
869,Premium,Electronics,67.79,6,2022-11-01 13:09:18.569135902
870,Regular,Clothing,327.99,7,2022-09-26 23:21:01.371511471
871,Wholesale,Electronics,674.39,4,2024-10-17 11:34:41.691240372
872,Wholesale,Clothing,340.58,1,2024-07-30 07:26:40.148291033
873,Premium,Books,183.7,8,2023-10-25 00:36:47.042141008
874,Regular,Books,284.94,4,2023-10-28 03:11:19.110850315
875,Wholesale,Clothing,460.29,3,2023-03-24 08:08:49.243374133
876,Premium,Electronics,478.01,7,2024-06-23 11:57:13.270659306
877,Regular,Home & Kitchen,784.09,2,2023-02-14 12:10:30.912422103
878,Wholesale,Books,751.4,8,2024-03-30 21:48:37.144116792
879,Wholesale,Books,459.53,6,2023-12-20 18:53:54.619820966
880,Premium,Home & Kitchen,846.44,7,2023-05-09 04:57:36.761239491
881,Regular,Clothing,118.67,5,2022-10-21 19:54:17.430073900
882,Regular,Electronics,259.08,9,2024-06-04 11:03:13.644169472
883,Wholesale,Clothing,828.84,5,2024-10-26 14:19:34.965460946
884,Wholesale,Beauty,381.1,5,2022-07-08 00:17:53.642659891
885,Wholesale,Books,981.28,3,2024-07-16 07:44:24.407418026
886,Regular,Beauty,468.92,1,2022-01-16 16:11:08.896545858
887,Premium,Books,792.98,2,2023-03-29 20:03:25.411772016
888,Premium,Books,405.3,8,2023-11-11 07:01:12.480551743
889,Regular,Beauty,427.83,1,2022-07-16 19:17:21.855720398
890,Premium,Beauty,385.97,7,2023-07-04 20:21:31.766615107
891,Wholesale,Clothing,720.48,5,2023-01-01 14:00:44.262964851
892,Premium,Beauty,549.78,3,2022-04-02 06:31:54.523477684
893,Premium,Clothing,944.06,7,2022-04-22 05:40:46.287376974
894,Premium,Clothing,254.64,9,2024-11-21 15:07:02.495996489
895,Wholesale,Clothing,105.06,2,2023-01-03 15:11:20.901534742
896,Regular,Books,396.3,8,2024-11-28 00:50:16.838744192
897,Wholesale,Books,618.63,9,2022-07-27 09:27:41.280330328
898,Regular,Beauty,861.49,3,2023-05-30 03:11:21.132245980
899,Regular,Books,349.47,2,2024-10-28 07:41:26.403078384
900,Regular,Beauty,655.52,7,2022-10-24 18:06:10.719414257
901,Premium,Books,353.45,5,2024-06-01 03:21:27.421487520
902,Premium,Electronics,619.13,5,2024-03-05 21:37:18.071998639
903,Regular,Electronics,885.38,5,2024-10-26 16:35:46.301945302
904,Regular,Beauty,235.2,4,2023-08-08 09:53:56.526390504
905,Premium,Books,407.22,5,2023-05-26 08:53:23.311475940
906,Wholesale,Books,993.3,4,2023-04-26 01:55:50.216423717
907,Regular,Clothing,869.21,6,2023-06-06 11:36:03.280792842
908,Wholesale,Home & Kitchen,566.82,4,2024-06-04 04:58:46.152571420
909,Premium,Beauty,519.04,2,2023-09-10 13:19:20.306944789
910,Regular,Home & Kitchen,288.18,9,2022-01-20 06:11:34.429357936
911,Wholesale,Home & Kitchen,519.62,2,2022-08-25 13:18:51.599173675
912,Wholesale,Beauty,848.94,9,2022-06-04 03:38:34.494841829
913,Wholesale,Books,686.75,6,2022-05-26 18:15:41.048915339
914,Premium,Beauty,293.59,9,2023-05-17 21:49:34.105453874
915,Premium,Home & Kitchen,205.46,9,2024-10-20 12:07:38.477471142
916,Wholesale,Books,268.88,3,2024-02-10 16:19:23.566627870
917,Wholesale,Electronics,173.91,1,2024-11-20 03:42:55.901875311
918,Premium,Beauty,100.16,1,2024-11-29 04:51:18.294828595
919,Wholesale,Beauty,422.04,3,2023-12-17 21:15:16.121436631
920,Wholesale,Books,117.73,5,2024-11-23 11:15:34.091535912
921,Premium,Electronics,176.05,3,2024-07-20 19:24:54.414520908
922,Wholesale,Electronics,549.59,9,2022-11-01 16:12:46.634757818
923,Wholesale,Books,168.78,9,2023-02-24 14:47:42.970737106
924,Wholesale,Clothing,68.56,3,2024-06-01 21:31:30.156172908
925,Premium,Beauty,320.8,3,2022-04-13 11:56:02.821733495
926,Wholesale,Beauty,224.22,5,2023-08-19 18:27:24.021837126
927,Premium,Home & Kitchen,517.73,2,2022-07-14 07:59:10.741248662
928,Premium,Books,106.86,6,2023-01-07 04:21:19.331255903
929,Regular,Home & Kitchen,753.01,7,2022-02-15 12:33:11.908137268
930,Regular,Home & Kitchen,906.7,9,2023-04-29 00:13:11.765072992
931,Wholesale,Electronics,744.72,6,2023-02-13 08:16:14.289985148
932,Premium,Beauty,535.16,3,2024-09-28 11:52:03.008439758
933,Regular,Home & Kitchen,861.36,5,2024-03-25 15:40:07.825985667
934,Wholesale,Electronics,696.44,4,2024-10-15 02:42:04.419328964
935,Regular,Books,15.5,5,2022-01-19 23:34:20.218218616
936,Regular,Home & Kitchen,397.12,8,2024-10-18 04:20:56.276139813
937,Premium,Beauty,851.7,8,2023-03-31 22:43:28.516403833
938,Premium,Home & Kitchen,349.13,6,2022-08-16 15:04:34.787060608
939,Regular,Books,40.04,1,2022-07-19 16:20:50.925605926
940,Regular,Home & Kitchen,747.45,8,2024-12-30 14:20:28.059329696
941,Premium,Beauty,803.03,8,2022-06-12 11:56:42.212604103
942,Wholesale,Electronics,164.79,2,2022-07-31 10:34:28.263535119
943,Premium,Beauty,539.65,4,2023-12-05 17:35:31.280610988
944,Regular,Electronics,196.0,2,2024-01-14 15:58:25.463813337
945,Wholesale,Clothing,720.64,4,2022-01-20 19:20:11.557280849
946,Regular,Beauty,275.19,7,2022-02-26 08:28:20.931289886
947,Wholesale,Beauty,319.63,9,2024-05-02 19:23:38.748296233
948,Regular,Books,845.75,8,2024-10-29 12:33:45.890059072
949,Wholesale,Home & Kitchen,478.94,9,2022-12-28 18:01:17.271093243
950,Wholesale,Electronics,671.41,8,2023-04-14 16:08:26.951361753
951,Regular,Electronics,405.36,2,2023-03-15 06:00:09.342693105
952,Wholesale,Books,301.52,7,2023-12-02 23:32:13.095625596
953,Premium,Books,627.35,2,2023-12-08 13:22:26.538456289
954,Regular,Home & Kitchen,159.08,2,2022-06-08 05:28:00.241593800
955,Premium,Home & Kitchen,376.13,4,2022-12-16 10:27:21.848262255
956,Regular,Beauty,212.99,1,2023-03-21 23:29:14.232356440
957,Wholesale,Clothing,697.32,5,2022-02-12 06:14:08.146796960
958,Wholesale,Home & Kitchen,944.49,6,2024-08-19 21:21:11.399908799
959,Wholesale,Books,995.53,9,2023-10-15 15:46:28.957771544
960,Regular,Home & Kitchen,453.03,8,2024-07-22 16:36:40.088888288
961,Premium,Electronics,256.27,2,2024-11-28 22:47:07.923766291
962,Premium,Clothing,445.62,1,2024-10-30 17:13:53.954377448
963,Regular,Beauty,848.03,2,2023-08-14 19:23:52.175781596
964,Regular,Electronics,209.98,7,2023-07-07 02:54:59.563643587
965,Premium,Electronics,952.34,4,2022-11-21 06:30:57.812380755
966,Premium,Clothing,345.16,5,2022-06-23 07:03:28.633284694
967,Premium,Beauty,985.87,7,2022-03-19 01:59:19.137458001
968,Premium,Books,839.42,3,2023-07-26 14:25:23.553161655
969,Regular,Beauty,809.53,2,2024-04-16 08:30:36.033156048
970,Regular,Home & Kitchen,321.32,7,2024-07-04 03:56:36.202406520
971,Wholesale,Electronics,13.73,5,2022-08-30 17:43:07.772623258
972,Premium,Home & Kitchen,385.22,1,2022-01-19 03:07:24.293246979
973,Wholesale,Books,305.3,1,2022-09-02 14:43:56.538162285
974,Regular,Home & Kitchen,42.21,9,2024-05-06 14:23:06.456394310
975,Regular,Beauty,507.84,5,2023-02-03 11:02:27.273262110
976,Wholesale,Home & Kitchen,406.02,1,2022-03-07 03:39:43.392784764
977,Premium,Books,636.38,7,2024-01-12 19:51:20.031562762
978,Premium,Books,623.08,9,2022-04-11 03:41:30.834830904
979,Premium,Books,125.14,1,2022-03-12 06:06:56.003795643
980,Premium,Beauty,977.08,4,2023-11-23 05:08:02.973582519
981,Wholesale,Books,191.0,3,2024-05-30 23:37:10.902451791
982,Wholesale,Electronics,448.05,5,2022-04-26 18:19:39.874945343
983,Regular,Books,490.68,7,2024-08-26 13:44:02.699971139
984,Premium,Home & Kitchen,814.0,8,2023-07-25 10:42:29.023141723
985,Premium,Home & Kitchen,103.73,2,2024-01-07 14:27:46.711267754
986,Premium,Home & Kitchen,431.5,7,2023-07-05 23:14:57.934732346
987,Wholesale,Beauty,630.36,1,2023-05-22 08:34:00.110399584
988,Premium,Home & Kitchen,219.08,7,2024-03-04 09:53:10.693295381
989,Wholesale,Beauty,629.33,8,2022-10-02 05:30:13.330049032
990,Premium,Beauty,924.05,2,2023-09-27 11:33:33.250271002
991,Premium,Books,997.53,9,2023-12-07 12:48:14.976232363
992,Regular,Electronics,37.29,1,2023-11-26 22:21:38.254556972
993,Premium,Books,239.41,6,2023-12-24 21:04:49.522794703
994,Premium,Books,313.76,1,2024-05-28 21:23:17.861095036
995,Regular,Beauty,402.13,3,2024-04-04 21:55:44.644174027
996,Wholesale,Beauty,246.05,6,2024-08-22 05:40:21.565855528
997,Wholesale,Home & Kitchen,207.47,3,2024-05-16 23:33:30.555009540
998,Premium,Home & Kitchen,954.78,8,2024-06-02 06:18:00.848077488
999,Wholesale,Books,918.93,5,2022-03-20 22:37:02.328832832
1000,Premium,Clothing,51.76,2,2024-04-27 01:12:32.795633657
